"1000","Manber","Civil Eng.","39"
"10033","Zelty","Mech. Eng.","60"
"10076","Duan","Civil Eng.","105"
"1018","Colin","Civil Eng.","81"
"10204","Mediratta","Geology","112"
"10267","Rzecz","Comp. Sci.","5"
"10269","Hilberg","Psychology","75"
"10454","Ugarte","Pol. Sci.","120"
"10481","Grosch","Astronomy","39"
"10527","Kieras","Physics","128"
"10556","Reed","English","79"
"10663","Okaf","Geology","59"
"10693","Zabary","Statistics","111"
"107","Shabuno","Math","19"
"10705","Terauchi","Physics","48"
"10727","Allard","Physics","27"
"10736","Veselovsky","Elec. Eng.","62"
"108","Dhav","Biology","80"
"1080","Xue","Languages","94"
"10814","Waks","Elec. Eng.","56"
"10834","More","Geology","126"
"10838","Marlet","Accounting","91"
"1087","Roses","Accounting","73"
"10904","Jerns","History","21"
"10917","Morales","Cybernetics","54"
"11055","Arnoux","Geology","121"
"11057","Robinson","Marketing","120"
"11076","Prasad","Pol. Sci.","114"
"11083","Kerridge","Statistics","113"
"11095","Schultz","Languages","51"
"1110","Tzeng","Civil Eng.","23"
"11101","Glaho","Cybernetics","119"
"11126","Englund","Pol. Sci.","76"
"11152","Al-Tahat","English","87"
"11194","El-Helw","Pol. Sci.","71"
"11195","Shiang","Cybernetics","62"
"11201","Bianchi","Statistics","0"
"11202","Heckman","Math","120"
"11237","Rokhs","Physics","5"
"11262","Foels","Marketing","117"
"11377","Jr","Accounting","100"
"11419","Geronimo","Civil Eng.","66"
"11422","Saito","Physics","34"
"11441","Betho","Languages","36"
"11453","Yamashita","Astronomy","109"
"11455","Peyse","Athletics","18"
"11510","Rakoj","Mech. Eng.","37"
"11530","Ng","Marketing","92"
"11578","Kwan","Languages","37"
"11604","Neff","Pol. Sci.","39"
"11682","Juol","Athletics","126"
"11855","Mendelzon","Languages","114"
"11966","Kowe","Math","69"
"12069","Skeen","History","10"
"12078","Knutson","Languages","97"
"12173","Thimm","English","60"
"1220","Hito","Geology","42"
"12214","Morales","Languages","51"
"12216","Griffiths","Cybernetics","94"
"12236","Bricker","Accounting","116"
"123","Wingb","Civil Eng.","86"
"1232","Marcus","Marketing","110"
"12326","Watson","Finance","50"
"12362","Zhanr","Civil Eng.","115"
"12563","Stone","Marketing","66"
"12615","Tewari","Geology","40"
"12666","Power","Athletics","118"
"12683","Sin","Accounting","115"
"12711","Malagoli","Physics","97"
"1285","Szczerban","Pol. Sci.","97"
"12941","Ren","Marketing","76"
"12971","Bumbau","Elec. Eng.","47"
"12979","Hammond","Elec. Eng.","5"
"13023","Serrano","Marketing","108"
"13028","Okano","Geology","89"
"13081","Alqui","Languages","112"
"13211","Diab","Civil Eng.","66"
"13217","Liu","Athletics","95"
"13290","Bonatto","Biology","83"
"13352","Gorsky","Athletics","53"
"13365","Wolter","Mech. Eng.","55"
"13403","Latour","English","82"
"13408","Bromley","Elec. Eng.","81"
"13495","Srini","Pol. Sci.","34"
"13504","Zander","Astronomy","90"
"13506","Patrick","Physics","85"
"13511","Adam","Cybernetics","15"
"1367","Ignj","Math","69"
"13741","Grieng","Psychology","122"
"13749","Alfaro","Marketing","23"
"13753","Hoshi","Civil Eng.","68"
"13757","Bedny","Astronomy","3"
"13826","Sommerfeldt","Pol. Sci.","80"
"13880","Lazos","Physics","98"
"13921","Berger","Math","120"
"1402","Oswald","Comp. Sci.","12"
"14023","Deshpande","History","90"
"14032","Belhadji","Elec. Eng.","0"
"14065","Starker","History","7"
"14094","Miao","Comp. Sci.","45"
"14182","Moszkowski","Civil Eng.","73"
"14214","Yoneda","Cybernetics","129"
"14284","Takeshi","Athletics","32"
"14432","Whitley","Geology","2"
"14484","Langer","Astronomy","62"
"14499","Axte","Biology","115"
"14554","Ramadan","Psychology","96"
"14563","Haigh","Comp. Sci.","16"
"14581","Vagn","Biology","129"
"14596","Vekk","Biology","105"
"1460","Martinsen","History","55"
"14621","Azevedo","Astronomy","17"
"14628","Lehtinen","Psychology","47"
"14639","Sagiv","Mech. Eng.","26"
"14668","Malinen","Athletics","20"
"14829","Philippe","Accounting","105"
"14869","Palmer","Astronomy","106"
"14874","Singhal","Comp. Sci.","34"
"15024","Kawahara","Civil Eng.","10"
"15030","Massour","Mech. Eng.","44"
"15070","Enokib","Math","65"
"15074","Kirtane","Physics","36"
"15083","Formisano","Physics","50"
"15086","Sun","Physics","74"
"15144","Lapio","Statistics","110"
"15249","Cheah","Accounting","1"
"15283","Williams","Astronomy","0"
"15328","Chien","Statistics","129"
"1533","She","Statistics","29"
"15340","Silbert","Psychology","39"
"15430","Sasso","Psychology","39"
"15457","Arinb","Physics","123"
"15487","Januszewski","Athletics","14"
"15517","Anis","Geology","29"
"15538","Yeung","Athletics","111"
"15578","Pacie","Elec. Eng.","32"
"15613","Umehara","Marketing","41"
"15698","Dink","Psychology","72"
"15726","Neuhold","Finance","27"
"15883","Marques","Math","24"
"15980","Ross","Athletics","81"
"16035","Starker","English","94"
"16057","Wicki","Mech. Eng.","114"
"16075","Wolter","Pol. Sci.","45"
"16133","Orlet","Cybernetics","43"
"16250","Uhrig","English","87"
"16297","Sacchi","Marketing","44"
"163","Bandekar","Finance","49"
"16311","Liao","Accounting","33"
"16347","Morimoto","Mech. Eng.","2"
"16405","Rahman","Languages","5"
"16453","Kanata","Astronomy","78"
"16467","Meyl","Comp. Sci.","92"
"16480","Noga","Psychology","5"
"16515","Suppan","Languages","48"
"16523","Redw","Math","117"
"16528","Angs","Accounting","24"
"16543","Toffoli","History","83"
"16593","Skuras","Psychology","5"
"16631","Stratulat","Biology","20"
"16753","Kuwadak","Comp. Sci.","67"
"16849","Kantors","Geology","117"
"16885","Biehl","Math","59"
"16907","Keiss","Accounting","59"
"16969","Hakkinen","Finance","70"
"16993","Akaiw","Accounting","82"
"17057","Swartj","Geology","94"
"17076","King","Statistics","42"
"17086","Hazemi","Math","90"
"17128","Chuon","Civil Eng.","81"
"17133","Kang","Civil Eng.","109"
"17192","Carroll","Pol. Sci.","75"
"17207","Holn","Astronomy","57"
"1726","Matsunami","Biology","94"
"1727","Ratcliff","Mech. Eng.","49"
"17339","Petzo","English","58"
"1737","Shinagawa","Biology","118"
"17377","Pisini","English","67"
"17397","Caleff","Languages","31"
"17424","Zouao","English","75"
"17507","Mathur","Mech. Eng.","48"
"17600","Peter","Languages","47"
"17607","Ould","Athletics","115"
"17665","Tewari","English","62"
"17676","Michel","Psychology","43"
"17769","Pearlman","Biology","45"
"17831","Srivastava","Languages","75"
"17911","Audeh","Biology","92"
"17924","Tavan","Psychology","97"
"17944","Hamarn","Mech. Eng.","5"
"17996","Karpist","Finance","103"
"17997","Ishikawa","Languages","128"
"18007","Chanon","Biology","90"
"18108","Brailsford","Cybernetics","107"
"1812","Chyr","Marketing","47"
"18234","Nirenbu","Pol. Sci.","19"
"1826","Dhav","Astronomy","8"
"1827","Westbrook","Civil Eng.","61"
"18286","Pang","Finance","110"
"18338","Kangs","Physics","9"
"1836","Marinov","Elec. Eng.","85"
"18367","Goodwin","Civil Eng.","95"
"18469","Coppens","Marketing","26"
"18499","Peter","Biology","21"
"18554","Ramaswamy","Psychology","21"
"18583","Ma","Finance","74"
"18636","Mori","Statistics","23"
"18675","Araya","Statistics","82"
"18709","Agar","Math","65"
"18740","Williamson","Athletics","16"
"18752","Schulman","Civil Eng.","102"
"18775","Pampal","Comp. Sci.","89"
"18808","Snif","Mech. Eng.","116"
"18809","Benson","Marketing","20"
"18821","Linden","Astronomy","98"
"1884","Masini","Marketing","89"
"18859","Rubio","English","21"
"18941","Denecker","History","46"
"19048","Leuen","Statistics","122"
"19050","Erdem","Civil Eng.","58"
"19203","Koch","Physics","88"
"1922","Cavalcanti","Athletics","48"
"19220","Hayashi","History","77"
"19245","Cai","Comp. Sci.","4"
"19293","Singhal","Geology","118"
"19321","Chang","Mech. Eng.","124"
"19342","Bouzeghoub","Finance","35"
"19362","Linden","Finance","123"
"19450","Asahara","Cybernetics","37"
"19536","Bhattacharya","Math","92"
"1954","Frank","Geology","29"
"19541","Drews","Marketing","1"
"19582","Canas","Finance","7"
"19603","Colu","Finance","122"
"19638","Dawson","Cybernetics","107"
"1968","Sahm","Finance","4"
"19735","Bishop","Physics","9"
"19766","Simon","Biology","29"
"19791","Vanrell","Comp. Sci.","61"
"19824","Savelieva","Physics","7"
"19848","Tiwari","Comp. Sci.","96"
"19861","Fontana","Civil Eng.","81"
"19862","Prasad","Pol. Sci.","22"
"19917","Hayrapetyan","Languages","121"
"20002","Fournier","Accounting","54"
"20084","Adda","Accounting","13"
"20099","Lewis","Mech. Eng.","46"
"20180","Reyes","Languages","44"
"20195","Finney","Mech. Eng.","7"
"20244","Abu-B","Marketing","112"
"20378","Lomi","Languages","3"
"20445","Laak","Marketing","4"
"20489","Shuming","History","2"
"20540","Cunha","History","58"
"20803","Mercurio","History","129"
"20814","Cheed","Marketing","42"
"20974","Hawkins","Mech. Eng.","127"
"20985","Wunderli","History","66"
"21008","Pavlovico","Mech. Eng.","44"
"21009","Geon","History","118"
"21086","Held","Math","97"
"21100","Juchn","Physics","51"
"21101","Gotchev","Astronomy","117"
"21102","He","Biology","121"
"21126","McCarter","Cybernetics","38"
"21225","Choll","Elec. Eng.","112"
"21246","Rais","Civil Eng.","52"
"2133","Nardi","Accounting","60"
"21337","Goualh","Marketing","46"
"2139","Agarwal","Physics","99"
"21394","Patel","Finance","115"
"21395","Leuen","Math","43"
"21401","Garze","Physics","92"
"21552","Bradshaw","Physics","71"
"21556","Negron","Marketing","60"
"21692","Nagal","Accounting","83"
"21766","Cox","Astronomy","74"
"2177","Cheah","Astronomy","15"
"21774","Moh","Physics","38"
"2178","Mingoz","Elec. Eng.","41"
"21789","Bates","History","118"
"22003","Ibah","Elec. Eng.","48"
"22004","OBrien","Geology","106"
"2201","Sauer","Biology","99"
"22050","Alioto","Physics","108"
"22057","Cal","Cybernetics","20"
"22086","Ockerb","Athletics","23"
"22142","Gerstend","History","22"
"22170","Sugavanam","Physics","41"
"22179","Sundho","Statistics","40"
"22198","Read","Languages","101"
"22226","Kinney","Biology","116"
"22254","Gordon","Statistics","75"
"22258","Larion","Languages","3"
"22260","Daat","Accounting","8"
"22268","Dang","Astronomy","78"
"22325","Oevers","Statistics","77"
"22345","Wecker","Pol. Sci.","76"
"22396","Wodn","Biology","100"
"22417","McGuinness","Geology","55"
"22467","Dias","Finance","95"
"22532","Silverman","History","120"
"22618","Voss","Pol. Sci.","101"
"22620","Lykin","Accounting","18"
"2286","Ceze","Elec. Eng.","65"
"22912","Sendlm","Geology","63"
"23110","Sahani","Comp. Sci.","97"
"23224","Kempn","Psychology","81"
"23270","Bouras","Biology","109"
"23311","Brunet","Languages","83"
"23344","Fierro-","Math","56"
"23373","Lang","Astronomy","70"
"23392","Curutchet","Elec. Eng.","43"
"23439","Cai","English","101"
"23449","Noda","Cybernetics","94"
"23457","Shakhnovich","Accounting","48"
"23475","Cecchi","Athletics","16"
"23500","Kinney","Marketing","68"
"23506","Ã…strÃ¶m","Pol. Sci.","109"
"23525","DAgostino","Elec. Eng.","128"
"23794","Sokolov","Pol. Sci.","13"
"23934","Koizumi","English","59"
"23992","Thornton","Psychology","58"
"23994","Kalisz","Elec. Eng.","75"
"24002","Russa","Languages","14"
"24010","Brookh","Comp. Sci.","65"
"24116","Fauth","Elec. Eng.","10"
"2419","Hirakuri","Mech. Eng.","49"
"24197","Andert","Physics","98"
"24201","Juol","Pol. Sci.","17"
"2423","Giralt","Accounting","114"
"24325","Ãlvarez","Cybernetics","50"
"24374","Jo","Cybernetics","105"
"24387","Yap","History","29"
"24442","Greene","Physics","11"
"24630","Halbert","Geology","66"
"24746","Schrefl","History","4"
"24784","Jessup","Comp. Sci.","126"
"24796","Thimm","Pol. Sci.","18"
"24809","Engeldr","Psychology","23"
"24865","Tran-","Marketing","116"
"24932","Segars","Civil Eng.","78"
"2501","Leitner","Astronomy","70"
"25046","Cotterill","Finance","57"
"25068","Dickens","Civil Eng.","12"
"25077","Palomo","Cybernetics","82"
"25143","Visr","Accounting","11"
"25187","Fenwick","History","103"
"25256","Boulah","Astronomy","83"
"25331","Baker","Accounting","68"
"25362","Simmel","Psychology","117"
"25380","Vassileva","English","97"
"25468","Hunter","Comp. Sci.","49"
"25525","Moreira","Comp. Sci.","107"
"25528","Sivew","Elec. Eng.","40"
"25552","Calles","Finance","110"
"2561","Aschoff","Finance","20"
"25611","Sve","English","107"
"25718","Seyfert","Athletics","83"
"25725","Steeh","Geology","125"
"25780","Ashmi","Accounting","95"
"25785","Knezo","Athletics","66"
"259","Bertranp","Accounting","105"
"25940","Rosenkrantz","Comp. Sci.","117"
"25942","Leclercq","Mech. Eng.","23"
"26028","Birchler","Statistics","47"
"26080","Simmel","Biology","80"
"26102","Tanaka","Statistics","118"
"26147","Richter","Comp. Sci.","115"
"2629","Goldbu","Languages","4"
"26427","Ende","Finance","129"
"26473","Neru","Accounting","75"
"26494","Heers","Psychology","28"
"26619","Matsukawa","Biology","58"
"26695","Hac","Finance","104"
"26730","Veselovsky","Psychology","68"
"26802","Baber","Comp. Sci.","27"
"26881","Markin","History","110"
"27002","Veerar","Statistics","5"
"27017","Trur","Elec. Eng.","11"
"27043","Garze","Athletics","119"
"27044","Kota","Elec. Eng.","45"
"27094","Gur","Geology","120"
"27140","Fitzpatrick","Marketing","98"
"27236","Date","Astronomy","105"
"27366","Ssu","History","83"
"27430","Gonzalez","Cybernetics","75"
"27528","Probst","Biology","95"
"27556","Leitner","Astronomy","82"
"27662","Tabarr","Cybernetics","21"
"27687","YÃ¼ksel","Physics","31"
"27727","Duong","Finance","115"
"27804","Brunt","English","75"
"27898","Holloway","English","81"
"27919","Hubr","Athletics","124"
"2795","Milner","Finance","8"
"27950","YÃ¼ksel","English","74"
"27952","McQuillan","History","51"
"27956","Watzel","Psychology","53"
"28004","Savelieva","Finance","17"
"28019","Cayto","History","38"
"28128","Crick","Comp. Sci.","111"
"28133","Evano","Civil Eng.","53"
"282","Rougemont","Languages","34"
"28252","Pfister","Finance","6"
"28299","Grange","Languages","120"
"28316","Rajan","Mech. Eng.","61"
"28352","Mai","Pol. Sci.","64"
"28361","Sorensen","Physics","109"
"28409","Hirasawa","Geology","66"
"2848","Carr","Civil Eng.","121"
"28518","Catani","Cybernetics","20"
"28538","Mathur","Statistics","97"
"28738","Birkett","Civil Eng.","94"
"288","Canellas","Astronomy","95"
"28829","Reiss","Physics","113"
"28952","Kennedy","Accounting","30"
"28977","Chatterton","Psychology","73"
"28989","Albinal","Astronomy","107"
"28994","Williamson","Statistics","104"
"29002","Duxbury","History","29"
"29031","Berthold","English","85"
"29091","Ahso","Pol. Sci.","22"
"29140","Reuver","Elec. Eng.","123"
"29192","Gomez","Geology","81"
"29239","Simmel","Astronomy","107"
"29260","Verhoeven","Physics","25"
"29390","Aufr","Geology","49"
"29399","Sutter","Marketing","38"
"29435","Siddiqi","Psychology","86"
"29462","Daues","Pol. Sci.","88"
"29514","Michael","Biology","124"
"29645","Oller","History","120"
"29665","Lykin","Languages","94"
"2967","Stokic","Mech. Eng.","16"
"2970","Montes-y","History","56"
"29705","Stetson","Finance","76"
"29707","Gaspar","Statistics","68"
"29803","Beavis","Accounting","76"
"29849","Solar","Physics","90"
"29863","Harmon","Athletics","112"
"29871","Iwasa","Math","75"
"29920","Kogure","Psychology","62"
"29959","Narli","Physics","56"
"30017","Mateo","History","96"
"30021","Youseffi","History","90"
"3005","Ibrahim","Pol. Sci.","73"
"30110","Humphrey","Athletics","2"
"30124","Alfaro","Math","126"
"30161","Grude","Cybernetics","23"
"30164","Ende","Athletics","114"
"30177","Vajapeyaz","Pol. Sci.","41"
"30182","Porr","Cybernetics","71"
"30188","Ahmad","Marketing","126"
"30222","Lepp","Accounting","121"
"30252","Folkers","Geology","80"
"30289","Lanfr","History","72"
"30299","Marsh","Geology","38"
"30334","Arakawa","Physics","37"
"30341","Anse","History","58"
"3039","Brookh","Languages","47"
"30397","Dism","Civil Eng.","116"
"30474","Paniez","Athletics","55"
"30650","Chaudhuri","Languages","101"
"30723","Mali","Physics","115"
"30772","Inoue","Math","18"
"30845","Fonseca","Math","19"
"30858","Shaffer","Physics","42"
"30896","Rueda","Comp. Sci.","61"
"30943","Botha","History","65"
"30957","Beaudry","Cybernetics","38"
"31035","Arnoux","Civil Eng.","92"
"31079","Canas","Astronomy","85"
"31080","Aschoff","Athletics","88"
"31086","Zulueta","Psychology","125"
"31101","Lhomme","Astronomy","110"
"31137","Porter","Statistics","36"
"31250","Kawasaki","Athletics","31"
"31266","Kacpr","Physics","22"
"3127","Resa","Psychology","73"
"31302","Qian","Geology","110"
"31337","Graziano","Elec. Eng.","29"
"31341","Rotter","Marketing","32"
"31364","Rieger","Biology","94"
"3143","Haddad","Geology","55"
"31442","Bessou","Math","63"
"31476","OConnor","Elec. Eng.","7"
"31486","Okubo","Elec. Eng.","72"
"31516","Hassine","Elec. Eng.","49"
"31554","Fuller","Geology","102"
"31560","Neld","Languages","13"
"31624","Keuk","Geology","107"
"3163","Riera","Biology","55"
"31690","Bondi","Comp. Sci.","110"
"31761","Jame","Pol. Sci.","57"
"31820","Riahi","Athletics","51"
"31993","Ueda","Comp. Sci.","6"
"32056","Frost","Math","75"
"32065","Tapia","Math","90"
"32119","Nagashima","Elec. Eng.","12"
"32130","Bannac","Biology","56"
"32217","Argar","Math","14"
"32245","Saariluoma","Statistics","12"
"32345","Chormo","Biology","38"
"32368","Ouaz","Languages","64"
"32369","Kaleta","Psychology","34"
"32376","Nakajima","Astronomy","8"
"32385","Park","Civil Eng.","120"
"32419","Sahani","Civil Eng.","48"
"32464","Kinney","Accounting","5"
"32483","Atre","Math","114"
"32490","McCracken","Comp. Sci.","117"
"32506","Suzuki","Astronomy","86"
"32744","Robins","Finance","40"
"32772","Leventhal","English","54"
"32881","Bagato","Civil Eng.","77"
"32886","Damas","Psychology","58"
"32954","Curutchet","Languages","121"
"33094","Fakin","Accounting","69"
"33107","Liley","Civil Eng.","16"
"33201","Macias","Civil Eng.","61"
"33206","McCormack","Civil Eng.","109"
"33338","Stead","Psychology","65"
"33349","Peck","Biology","125"
"3335","Otterm","Finance","73"
"33401","Campbell","Elec. Eng.","22"
"33460","Leonard","Psychology","48"
"33546","Saguez","Pol. Sci.","53"
"336","Constantinescu","Finance","61"
"33645","Kawakami","Comp. Sci.","129"
"33651","Seike","Geology","2"
"33759","Mowbray","Psychology","44"
"33791","Wood","Civil Eng.","92"
"33817","Vagn","Geology","95"
"33837","Nicol","Psychology","37"
"33882","Borutz","Civil Eng.","3"
"34018","Asahara","Elec. Eng.","103"
"34055","Orono","Astronomy","115"
"34126","Schreitm","Accounting","14"
"34158","Mantzo","Astronomy","127"
"34170","Chan","Comp. Sci.","77"
"34195","Bosnjak","Astronomy","120"
"34197","Nestor","Languages","106"
"34236","Maalej","Math","80"
"34322","Baba","Biology","74"
"34329","Malcher","English","32"
"34331","Kacpr","Accounting","59"
"34386","Hagedorn","History","98"
"34392","Lauciu","History","20"
"34404","Fries","History","48"
"34422","Nakajima","Mech. Eng.","86"
"34502","Farr","Pol. Sci.","8"
"34542","Basile","Physics","25"
"34569","Arndt","Accounting","39"
"34770","Porter","Languages","111"
"34788","Barkov","Civil Eng.","35"
"3487","Deshpande","Languages","6"
"3493","Riser","Geology","16"
"34957","Kalogerou","Elec. Eng.","71"
"35","Glaho","History","110"
"35042","Nives","Comp. Sci.","38"
"35138","Corbac","Mech. Eng.","86"
"35175","Quimby","History","4"
"35198","Loc","Civil Eng.","87"
"35220","Shilv","History","58"
"35257","Ebou","Comp. Sci.","65"
"35293","Cao","Languages","89"
"35357","Gradino","English","34"
"35362","ONi","Statistics","53"
"3545","Peskin","Statistics","119"
"35462","Byrd","Statistics","42"
"35498","Lanfr","Accounting","78"
"35523","Yamamoto","Accounting","15"
"35588","John","Civil Eng.","31"
"35685","Usi","History","31"
"35687","Letouzey","Accounting","58"
"35721","Suppan","Math","85"
"3576","Nakanishi","Physics","97"
"35881","Ã–zel","Cybernetics","99"
"35905","Lima","Athletics","19"
"35935","ODono","Languages","3"
"36019","Quaranta","Astronomy","128"
"36052","Guerra","Elec. Eng.","59"
"36102","Szendrei","Cybernetics","109"
"36126","Fung","Astronomy","47"
"36244","Neuhold","Accounting","50"
"36263","Souza","Civil Eng.","58"
"36265","Kaupp","Physics","98"
"36303","Nair","Mech. Eng.","46"
"36379","Triebel","Comp. Sci.","115"
"36384","Sandsj","Finance","62"
"3639","Story","Statistics","73"
"3640","Karniel","Athletics","41"
"36402","Hippu","Athletics","115"
"36494","Baccou","Psychology","41"
"3651","Narayanan","Elec. Eng.","14"
"36513","Ugarte","Athletics","99"
"36657","Ching","English","51"
"36685","Fathi","Accounting","8"
"36791","Bomme","Elec. Eng.","84"
"36845","Okaf","Math","30"
"36881","Dalton","Biology","32"
"36926","Kamae","Civil Eng.","87"
"3693","Zafar","Athletics","27"
"36995","Sgot","Finance","79"
"37038","Grieng","Math","114"
"37101","Falconer","Physics","78"
"37103","Walker","Athletics","19"
"37219","Poize","Comp. Sci.","45"
"37284","Benabd","Physics","74"
"37339","Warren","Psychology","68"
"37350","Sohn","Physics","49"
"3739","Davy","History","75"
"37430","Norman","Languages","35"
"37449","Ssu","Pol. Sci.","64"
"37454","Frasinc","Biology","109"
"37521","Mes","Biology","9"
"37581","Arndt","Cybernetics","68"
"37586","Valtchev","Biology","19"
"37653","Campbell","Marketing","64"
"37715","Westbrook","Languages","53"
"37734","Kamata","Civil Eng.","68"
"37759","Signah","Cybernetics","26"
"37809","Soni","Geology","38"
"37818","Jiao","Civil Eng.","66"
"37856","Gay","Statistics","92"
"37869","Beeu","English","109"
"37946","Vrato","Finance","110"
"38013","Frolova","Marketing","29"
"38121","Zuyev","English","98"
"38271","Kosken","Cybernetics","100"
"38288","Matsuda","Mech. Eng.","107"
"3833","Hayat","Biology","53"
"38336","Sagawe","Civil Eng.","39"
"38371","Harada","Math","50"
"38476","Rzecz","Pol. Sci.","129"
"38545","Fok","English","122"
"38548","Scibili","Pol. Sci.","88"
"38555","Vogt","Elec. Eng.","55"
"38602","Torres","Cybernetics","108"
"38668","Spector","Elec. Eng.","97"
"38676","Swien","Elec. Eng.","48"
"38691","Theodores","Accounting","37"
"38696","Spadon","Comp. Sci.","118"
"38712","Kreutz","Elec. Eng.","29"
"38895","Beuthel","Biology","70"
"38899","Murphy","Marketing","30"
"38902","Xiang","Math","61"
"38973","Maglioni","Comp. Sci.","56"
"390","Alkio","Elec. Eng.","65"
"39046","Narasimhamu","Math","121"
"39114","Kerz","English","18"
"39115","Boulah","Civil Eng.","2"
"39157","Loull","Accounting","0"
"39204","Castle","Civil Eng.","27"
"39238","Kyriakopoulos","Pol. Sci.","90"
"39241","Solar","Mech. Eng.","64"
"39254","Elme","Statistics","103"
"39310","Ploski","Comp. Sci.","64"
"39394","Reinhardt","History","84"
"39472","Soper","Elec. Eng.","62"
"39514","Yean","Accounting","65"
"39520","Lui","Astronomy","43"
"39521","Holloway","Accounting","113"
"39552","Tsukamoto","Physics","72"
"39580","Macias","Psychology","128"
"39612","Androutsopoulos","Elec. Eng.","103"
"39619","Dwyer","Mech. Eng.","89"
"39657","Ryder","Astronomy","80"
"39704","Frank","Statistics","31"
"39876","Wood","Accounting","14"
"39881","Herman","Athletics","85"
"39892","Urano","Athletics","92"
"39901","Dellwo","Biology","82"
"39925","Preuss","Civil Eng.","32"
"39927","Bartels","History","62"
"39978","Drig","English","92"
"4004","Tabor","Biology","51"
"40044","Jode","Mech. Eng.","108"
"40059","Montilla","Astronomy","16"
"40080","Llam","Civil Eng.","6"
"40116","Joshi","Psychology","23"
"4015","Cole","Astronomy","32"
"40178","Greene","Mech. Eng.","93"
"40189","Holt","Comp. Sci.","104"
"40276","Konstantinides","Mech. Eng.","37"
"40303","Rudolf","Marketing","25"
"4034","Xie","Elec. Eng.","64"
"40371","Trimble","Physics","109"
"40457","Bouras","History","116"
"40481","Zettel","Civil Eng.","74"
"40558","Pacie","Finance","101"
"40677","Ponnambalam","Civil Eng.","127"
"40682","Rowe","Geology","114"
"40738","Dima","Finance","88"
"40897","Coppens","Math","58"
"40932","Rioult","Comp. Sci.","94"
"40937","Petzo","Geology","115"
"40992","Xing","Psychology","93"
"41091","Maillet","Geology","66"
"41211","Fok","Accounting","113"
"41261","Hubr","Physics","32"
"41280","Birtz","Finance","83"
"41299","Siebers","Civil Eng.","23"
"41345","Tola","Finance","17"
"41406","Dahmann","Biology","24"
"41450","McLeod","Marketing","78"
"41491","Beavis","Comp. Sci.","15"
"41596","Abeggl","Finance","51"
"41599","Meneses","Geology","40"
"41671","Valf","Geology","68"
"41674","April","Biology","46"
"41675","Wheeler","Physics","32"
"41683","Pietkiewicz","Biology","20"
"4173","Erol","Statistics","21"
"41741","Kato","Languages","94"
"41751","Kaufman","Pol. Sci.","13"
"41774","Tassel","Languages","7"
"41818","Wari","English","9"
"4182","Powals","Languages","102"
"41827","Chriso","Languages","89"
"41832","Curl","History","2"
"41890","Srivastava","Physics","15"
"41894","Ortmann","Civil Eng.","89"
"41938","Jordan","History","93"
"41965","Boden","Cybernetics","87"
"41973","Werf","Civil Eng.","115"
"41988","Gall","Languages","12"
"42019","Koch","Finance","53"
"42092","Arinb","Comp. Sci.","47"
"42096","Freib","Biology","10"
"42114","Mezzar","Cybernetics","98"
"42298","Fournier","Biology","61"
"42388","Nikut","History","87"
"4248","Wright","Finance","63"
"42556","Tsantis","Languages","43"
"42560","Amr","Pol. Sci.","80"
"42565","Hartsk","Astronomy","27"
"42625","Holland","Languages","0"
"42688","Palma","Biology","54"
"42843","Lin","Mech. Eng.","18"
"42956","Ram","Physics","60"
"42960","McGinn","Finance","95"
"42991","Kaiser","Languages","126"
"43016","Beekw","History","77"
"43032","Tanaka","Biology","84"
"43123","Shim","Geology","69"
"43130","Yong","Comp. Sci.","123"
"43211","Xylo","Astronomy","48"
"43226","Shoji","Biology","83"
"43348","Venturini","Mech. Eng.","94"
"43432","Caporali","Astronomy","77"
"4345","Resa","Languages","125"
"43495","Scher","Astronomy","111"
"435","Moskow","Languages","32"
"43505","Yoon","Statistics","118"
"4355","Cui","English","127"
"43616","Tam","Athletics","15"
"43658","Meneses","Astronomy","87"
"4383","Tallis","History","120"
"43854","Gau","Astronomy","47"
"43912","Papakir","Finance","34"
"43981","Quimby","Pol. Sci.","87"
"43989","Makarychev","Accounting","72"
"43993","Halbert","Math","113"
"44038","Chandra","Civil Eng.","11"
"44206","Gilmour","Comp. Sci.","75"
"44258","Steinmetz","Accounting","28"
"44271","Sowerby","English","108"
"44304","Cox","English","31"
"4435","Labroc","Accounting","11"
"44352","Itoh","Athletics","101"
"4438","Yoshioka","Cybernetics","110"
"4449","Gilliam","Biology","99"
"44551","Nguyen","Astronomy","119"
"44584","Agar","Geology","58"
"44703","Hsieh","Marketing","5"
"44706","Bland","English","119"
"44816","Burman","History","67"
"44836","Lanfr","Civil Eng.","75"
"44881","Harshman","Cybernetics","59"
"44985","Prieto","Biology","91"
"44998","Borrus","Civil Eng.","79"
"45002","Abraham","Psychology","109"
"4508","Cochran","English","127"
"45083","Stasko","Marketing","44"
"45200","Kitagawa","Elec. Eng.","125"
"45300","Kambayashi","Geology","67"
"45359","Zelek","Marketing","79"
"45436","Ahmadian","Psychology","101"
"45494","Matsush","Geology","105"
"45570","Hoyos","Biology","99"
"45650","Mateo","Marketing","40"
"45680","Kiltz","Cybernetics","88"
"45720","Yeoh","Physics","118"
"45770","Beekw","Elec. Eng.","97"
"45817","Herrmann","Psychology","78"
"4582","Zaniolo","Math","0"
"45826","Teng","Mech. Eng.","70"
"46035","Kamez","Biology","42"
"46066","Hirasawa","Mech. Eng.","92"
"46074","Fong","Finance","56"
"46106","Pledg","Astronomy","68"
"46155","Kruglyak","Astronomy","67"
"46260","Bloom","History","55"
"463","Houtsm","Physics","78"
"46337","Nagaraj","Cybernetics","83"
"46436","Richardson","History","52"
"46441","Zander","Athletics","18"
"46442","Kagd","Cybernetics","61"
"4645","Ryoo","Finance","65"
"46450","Tleu","Comp. Sci.","83"
"46451","Chilu","Pol. Sci.","123"
"46655","Advani","Athletics","112"
"46694","Masamura","Math","118"
"46725","Richi","Statistics","18"
"46762","Bier","Comp. Sci.","71"
"46769","Kivv","Psychology","85"
"4682","Betho","Accounting","59"
"46928","Barry","Athletics","108"
"46956","Nallape","Astronomy","6"
"46970","Rafiq","Athletics","31"
"46980","Roessler","Astronomy","58"
"46981","Yalk","Statistics","117"
"47001","Correia","Comp. Sci.","63"
"47025","Jouny","Psychology","72"
"47126","Bakirc","Comp. Sci.","56"
"47265","Albinal","Comp. Sci.","105"
"47379","Wakamiya","Comp. Sci.","113"
"47487","Villa","Finance","72"
"47627","Warren","Statistics","54"
"47630","Odell","Cybernetics","77"
"47670","Xue","Pol. Sci.","55"
"47677","Tso","Psychology","108"
"47824","Hardt","Astronomy","94"
"48009","Lopes","Pol. Sci.","36"
"48053","Macias","Comp. Sci.","0"
"48165","Asikainen","Marketing","57"
"48247","Gustafsson","History","80"
"48423","Krone","Pol. Sci.","80"
"48462","Wolf","Civil Eng.","19"
"48469","Kolodko","Elec. Eng.","113"
"48471","Elias","Languages","90"
"48589","Martyno","Mech. Eng.","73"
"4860","Penneb","Elec. Eng.","83"
"48611","Suppan","Geology","102"
"48640","Brown","History","33"
"48660","Emam","Psychology","77"
"48678","Tuomisto","Athletics","121"
"48776","Wall","Statistics","58"
"48778","Pup","Psychology","107"
"48850","Wehen","Biology","14"
"48861","Ende","Accounting","54"
"48901","Gong","Marketing","57"
"49073","Bonvin","English","74"
"49205","Agraz","Pol. Sci.","82"
"49214","Vogel","Psychology","46"
"49244","Chikar","Psychology","49"
"49280","Wilson","Psychology","89"
"49339","Snif","Civil Eng.","107"
"49391","Rammer","Marketing","15"
"4940","Rhyne","Mech. Eng.","102"
"49450","Gotoh","Astronomy","83"
"49503","Seaz","Finance","105"
"49611","Karande","Astronomy","57"
"49618","Stone","Languages","60"
"49684","Ceze","Civil Eng.","50"
"49701","Read","Civil Eng.","33"
"49759","Androutsopoulos","Finance","110"
"49792","Petersen","Accounting","38"
"49813","Al-Hu","History","93"
"49873","Nikut","Athletics","85"
"499","Seike","Elec. Eng.","52"
"49982","Haigh","Geology","41"
"50013","Milanic","Math","76"
"50038","Urano","Languages","60"
"50039","Kurt","Statistics","126"
"5005","Cesaret","Civil Eng.","15"
"5017","Reuter","Statistics","60"
"50206","Cesaret","Mech. Eng.","102"
"50267","Spengler","Finance","52"
"50331","Bullinger","Psychology","9"
"50365","Held","Mech. Eng.","121"
"50386","Bersk","Elec. Eng.","125"
"50414","Landau","Accounting","49"
"50467","Kabir","Athletics","71"
"50537","Felling","Mech. Eng.","20"
"50583","Ng","Finance","113"
"50598","She","Psychology","52"
"50658","Cayto","Civil Eng.","56"
"50664","Rajnov","Biology","127"
"507","Recc","History","117"
"50702","Harders","Math","63"
"50703","Blanchard","Astronomy","44"
"50719","Model","Geology","66"
"50743","Lindner","Biology","83"
"50873","Beck","Marketing","33"
"50944","Tao","Pol. Sci.","66"
"50966","Concilio","Finance","95"
"50969","Terauchi","History","119"
"50977","Allen","Elec. Eng.","93"
"51008","Kandadai","History","107"
"51084","Pah","Languages","63"
"51093","Syng","Psychology","92"
"51203","Lahtinen","Math","99"
"51238","Kran","Civil Eng.","19"
"51416","Shan","Psychology","51"
"5144","Abdellatif","Geology","55"
"51538","Ang","Geology","8"
"51549","Rao","Mech. Eng.","87"
"51553","Willis","Finance","121"
"51579","Holz","Biology","89"
"51678","Klivansky","Pol. Sci.","49"
"51698","Sharpe","History","81"
"51723","Lagendijk","Comp. Sci.","99"
"51768","Noga","Athletics","78"
"51817","MacIntyre","Physics","51"
"51862","Carrillo","English","105"
"51868","Guthk","Pol. Sci.","109"
"51923","Peterson","Civil Eng.","128"
"51955","Tompa","Finance","106"
"51975","Nicol","Languages","127"
"51997","Nadg","Languages","49"
"52019","Engen","Athletics","112"
"52057","Garg","Elec. Eng.","101"
"52076","Noda","Astronomy","85"
"5208","Feyr","Statistics","47"
"52120","Redw","Physics","8"
"52134","Johnson","Physics","9"
"52157","Nagle","Astronomy","52"
"52187","Fritsch","Math","98"
"52203","Suwanno","Pol. Sci.","41"
"52291","Wolff","Mech. Eng.","39"
"52371","Boons","Marketing","108"
"52385","Higuchi","Astronomy","78"
"5243","Bajracharya","Marketing","83"
"52471","Recc","Finance","110"
"52494","Sznajder","Statistics","25"
"5250","Ã…strÃ¶m","Finance","49"
"52523","Hobbs","English","14"
"52656","Phillips","Psychology","6"
"52669","Rayad","Physics","114"
"52707","Arena","History","73"
"52741","Bernhart","Astronomy","50"
"52750","Saito","Mech. Eng.","12"
"52856","Grange","Physics","117"
"52866","Loull","Math","30"
"52872","Chaney","Elec. Eng.","57"
"52876","Dahmann","Languages","50"
"52929","Hashim","Math","118"
"52945","Adeni","Languages","13"
"5298","Radici","Finance","10"
"53047","GeiÃŸl","Mech. Eng.","46"
"53048","Keps","Cybernetics","122"
"53077","Brandt","History","87"
"53089","Vedag","English","98"
"53118","Carvey","Comp. Sci.","120"
"53152","Sayre","Civil Eng.","18"
"53165","Dowey","History","90"
"53172","Du","Comp. Sci.","28"
"53185","Yuanq","Accounting","25"
"53225","Juan","Finance","92"
"5336","Peltz","Math","22"
"53424","Lemoine","Languages","10"
"53451","Hasan","Physics","83"
"53469","Fujii","Astronomy","43"
"53485","Rowe","English","70"
"53490","Reina-","Languages","31"
"53496","Cashman","Marketing","27"
"53547","Neubert","Mech. Eng.","66"
"53588","Schwet","Languages","100"
"53699","Cordt","Languages","39"
"53728","Eck","Statistics","61"
"53788","Byun","Astronomy","101"
"53799","Okabe","Cybernetics","12"
"53803","Okaf","Civil Eng.","89"
"53805","Ludwig","Cybernetics","30"
"5381","Diana","Languages","30"
"5393","Clemens","Mech. Eng.","4"
"5399","Chun","Pol. Sci.","25"
"5414","Aiken","Pol. Sci.","118"
"54153","Kammerer","Mech. Eng.","25"
"54296","Osinski","Elec. Eng.","91"
"544","Uchiyama","Biology","81"
"54460","Martini","Math","100"
"54508","Gregga","Physics","41"
"54605","Yoshioka","Elec. Eng.","50"
"54610","Tam","Languages","5"
"54612","ZaratÃ©","Elec. Eng.","103"
"54620","Hancock","Geology","27"
"54622","Yu","Statistics","107"
"5463","Reiss","Finance","95"
"54672","Thie","Pol. Sci.","44"
"54728","Seta","History","50"
"54875","Feng","Statistics","83"
"55000","Levitan","Biology","103"
"55009","Pohlem","Pol. Sci.","18"
"55170","Ivanov","History","22"
"55238","Thadani","Physics","75"
"55286","Kihn","Mech. Eng.","73"
"55329","Vyborny","History","15"
"55354","Yang","Comp. Sci.","107"
"55531","Apostolov","Physics","85"
"55698","Choung","Finance","67"
"557","Bhat","Math","44"
"55857","Martin","Languages","74"
"55859","Eguchi","Astronomy","14"
"55915","Mohamed","Civil Eng.","78"
"55940","Subbai","Pol. Sci.","31"
"56","Kameda","Cybernetics","81"
"56003","Someren","Geology","39"
"56057","Hull","Statistics","112"
"56058","Fettes","Pol. Sci.","128"
"56078","Soltys","Geology","70"
"56080","Zamani","Geology","127"
"56089","Mezzar","Marketing","109"
"56124","Strieg","Civil Eng.","33"
"56139","Schelten","Elec. Eng.","82"
"56143","Yusop","Civil Eng.","86"
"5617","Souza","Languages","60"
"56212","Rolland","History","98"
"56232","Perozzo","Geology","48"
"56276","Lansi","History","122"
"56299","Sadry","Finance","75"
"56486","DeMil","Pol. Sci.","110"
"56499","Zarpell","Geology","82"
"56598","Carey","Cybernetics","58"
"56755","Paul","Mech. Eng.","62"
"56849","Osaka","Accounting","27"
"56882","Browne","Comp. Sci.","24"
"56941","Swain","Astronomy","17"
"57026","Rotom","Geology","44"
"5703","Yasuda","Accounting","23"
"57055","Piou","Physics","0"
"57083","Gray","Pol. Sci.","107"
"57107","Janssen","Astronomy","36"
"57123","Katsik","Cybernetics","46"
"57135","Margetts","Marketing","66"
"57156","Haigh","Math","120"
"57160","Baer","Accounting","81"
"57185","ShuQ","Psychology","25"
"57190","Theuniss","History","73"
"57213","Andrew","Math","64"
"57238","Rehd","Accounting","33"
"57242","Chatfield","Physics","108"
"57334","Roeder","Math","70"
"57377","Soricu","Elec. Eng.","40"
"57431","Holloway","Civil Eng.","2"
"57456","Stauf","Statistics","89"
"57474","Coddington","Accounting","110"
"57511","Pulido","English","78"
"57538","Albuquerque","Comp. Sci.","100"
"57666","Fries","History","96"
"57780","Trezz","Athletics","86"
"57787","Alexandri","Marketing","60"
"57925","Doeschn","Languages","58"
"57941","Kleinberg","Astronomy","24"
"57962","Aarde","Statistics","22"
"57985","Weller","Geology","45"
"58081","Pelletier","Comp. Sci.","100"
"58085","Bic","Pol. Sci.","28"
"58170","Lao","Statistics","119"
"58172","GeiÃŸl","Astronomy","127"
"5824","Ocel","Cybernetics","121"
"58300","Lum","Mech. Eng.","8"
"58307","Tiamp","Pol. Sci.","63"
"58326","Afim","Accounting","100"
"58355","Honeyman","Athletics","42"
"58413","Xiong","Athletics","27"
"5843","Deng","Athletics","11"
"58465","Romeo","Elec. Eng.","76"
"58469","Lutes","Athletics","64"
"58594","Ivanov","Finance","11"
"58595","Cronin","Physics","100"
"58606","Opitz","Cybernetics","91"
"58634","Choung","Finance","101"
"58701","Hampp","Geology","44"
"5871","Carey","Athletics","70"
"58846","Fengl","Pol. Sci.","66"
"58874","Ray","Physics","109"
"58889","Collet","Geology","76"
"58919","Schroeder","Languages","60"
"58935","Kimu","Pol. Sci.","31"
"5898","Dahl","Languages","28"
"59046","Reichl","Elec. Eng.","56"
"59117","Belmes","Astronomy","109"
"59172","Badran","Astronomy","19"
"5920","Godfrey","Marketing","125"
"5925","Maw","Languages","30"
"59290","Morris","English","120"
"59397","Williams","Statistics","126"
"5943","Rubio","Math","28"
"59455","Lowenstein","English","110"
"59517","Harrison","Elec. Eng.","81"
"59530","Poulin","History","64"
"59538","Kothari","Accounting","125"
"59539","Madden","Civil Eng.","4"
"59553","Schoenfl","Mech. Eng.","110"
"5961","Lavina","Geology","79"
"59673","Mertens","Astronomy","98"
"59848","Barwin","History","86"
"59908","Cox","Civil Eng.","0"
"59920","Dano","Civil Eng.","16"
"60040","Samel","Math","100"
"60224","Bensaber","Physics","54"
"60249","Nishida","Geology","83"
"60267","Dage","Physics","7"
"60366","Kostie","Statistics","106"
"60406","Sofer","Physics","113"
"60688","Zander","Accounting","69"
"60748","Nagal","Elec. Eng.","58"
"60762","Bernstein","Civil Eng.","120"
"60867","Poulin","Finance","5"
"60984","Emms","Finance","48"
"61003","Pietkiewicz","Math","88"
"61065","Jovicic","Civil Eng.","31"
"61081","Bai","Geology","100"
"61127","Tuki","Physics","30"
"61166","Kangs","Astronomy","73"
"61232","Fukui","Pol. Sci.","48"
"61332","Canon","Astronomy","8"
"61354","Barranco","Mech. Eng.","129"
"61356","Vulp","Cybernetics","6"
"61364","Bhavs","History","8"
"61402","Maity","Mech. Eng.","62"
"61403","Tanno","Finance","44"
"61414","Ohyama","Elec. Eng.","90"
"61444","Vries","Cybernetics","125"
"61527","Shwartz","Comp. Sci.","10"
"61737","Kissel","Finance","86"
"61783","Guyer","Comp. Sci.","102"
"61854","Roytman","Psychology","128"
"61920","Marcol","Geology","59"
"6195","Hartmann","Finance","20"
"61998","Sohn","Civil Eng.","22"
"62054","Wood","Mech. Eng.","13"
"6209","Baccou","English","74"
"62124","Towsey","Physics","105"
"62152","Oba","Elec. Eng.","78"
"62226","Brookh","English","39"
"62373","Cheed","Accounting","60"
"62429","Dietzsch","Psychology","111"
"62487","Durrant","History","68"
"62520","Im","Astronomy","105"
"62549","Komatsu","Comp. Sci.","74"
"62636","Soni","Geology","4"
"62705","Hoffman","Marketing","86"
"62716","Bocchi","Math","33"
"62728","Camme","Biology","107"
"62749","Giroux","Math","49"
"62754","Durrant","Geology","54"
"62784","Stylian","Biology","65"
"62795","Conradie","Pol. Sci.","63"
"62832","Anderson","English","19"
"6287","Makowski","Pol. Sci.","32"
"63039","Wagner","Athletics","69"
"6304","Tamura","Cybernetics","122"
"63040","Hochri","Astronomy","63"
"63090","Hoov","Math","118"
"63243","Dostal","Comp. Sci.","68"
"63288","Stilla","Civil Eng.","19"
"63289","So","Psychology","0"
"63310","Luan","History","102"
"63361","Djurd","Languages","36"
"63390","Loudn","Cybernetics","41"
"63449","Sellink","Accounting","39"
"63489","Enokib","Comp. Sci.","81"
"63502","Xie","Languages","69"
"63538","Pulido","History","46"
"63560","Gleit","History","82"
"63582","Fischer","Pol. Sci.","120"
"63612","Duxbury","Math","71"
"63645","Mandviwall","Marketing","20"
"6367","Doisy","Pol. Sci.","66"
"63860","Bayn","English","106"
"63886","Kuo","Biology","12"
"6400","Kelly","Astronomy","110"
"64013","Auriche","Elec. Eng.","107"
"64039","Aarde","Civil Eng.","120"
"64067","Mennif","Languages","8"
"64082","Boyle","Languages","87"
"64121","Mansint","Math","115"
"64138","Doran","Biology","99"
"64140","Tiroz","Athletics","118"
"64155","Midu","Languages","33"
"64164","Zander","Languages","111"
"64169","Lucas","Civil Eng.","27"
"64192","Pradhan","Physics","86"
"64196","Rioult","Pol. Sci.","6"
"64222","Namer","Pol. Sci.","23"
"64249","Kalantari","Mech. Eng.","102"
"64259","Busch","Marketing","123"
"64297","Desp","Athletics","95"
"64401","Larion","Elec. Eng.","42"
"645","Kane","Elec. Eng.","58"
"64550","Kubo","Statistics","42"
"64593","Kamez","Mech. Eng.","8"
"64642","Murdock","Elec. Eng.","39"
"64724","Deupree","Cybernetics","36"
"64731","Yuanq","Languages","13"
"6474","Rossettin","Civil Eng.","85"
"64820","Hendrickson","Geology","79"
"64893","Katzenb","Statistics","78"
"64914","Lembr","Finance","17"
"64934","Halbert","Psychology","38"
"64938","Kaep","Civil Eng.","126"
"64945","Gall","Mech. Eng.","6"
"65038","Papakir","History","78"
"65056","Kean","Astronomy","76"
"65101","Spengler","Civil Eng.","73"
"65121","Winter","Comp. Sci.","56"
"65144","Butler","Marketing","121"
"65190","Dumas","Accounting","77"
"65205","Sauer","Accounting","128"
"65208","Farahvash","Civil Eng.","45"
"6523","Karlsson","Civil Eng.","1"
"65241","Riser","Astronomy","96"
"65258","Tian","Comp. Sci.","3"
"65299","Schwarze","Athletics","57"
"65329","Benson","Mech. Eng.","63"
"65396","Rossos","Marketing","75"
"65400","Horecz","Psychology","49"
"65433","Stratulat","Math","123"
"65438","Saad","Comp. Sci.","13"
"65443","Yagit","Finance","78"
"65563","Bawa","Psychology","111"
"65676","Aufr","Astronomy","93"
"65681","Roses","English","17"
"65688","Loudn","Mech. Eng.","65"
"65703","Goldman","Comp. Sci.","37"
"65714","Hughes","English","19"
"65715","Novak","Mech. Eng.","37"
"65753","Planti","Geology","12"
"65901","Shishkin","Accounting","120"
"65979","Chenu","Comp. Sci.","22"
"65987","Morrison","Athletics","98"
"66008","Szczerban","Languages","25"
"66054","Crick","Comp. Sci.","86"
"66090","Brochhause","Pol. Sci.","53"
"66106","Malagoli","Finance","18"
"66212","Kurt","Finance","113"
"66229","Qvi","Civil Eng.","128"
"66259","Schulman","Biology","67"
"66269","Hsueh","Accounting","43"
"66279","Reynolds","Math","91"
"66281","Schelten","Civil Eng.","49"
"66293","Gibson","English","98"
"66356","Xi","Elec. Eng.","44"
"66469","Komori","History","105"
"66484","Amberg","Mech. Eng.","75"
"66494","Shevade","Biology","62"
"66495","Michel","Statistics","82"
"667","Goldman","History","19"
"6673","Bernhart","Math","84"
"66753","Mazzat","Math","17"
"66763","Wilks","Comp. Sci.","95"
"66813","Spengler","Languages","55"
"66969","Sui","Civil Eng.","74"
"67017","Westervelt","Physics","102"
"67018","Catona","Biology","46"
"67021","Chenu","Accounting","73"
"67024","Aufr","Elec. Eng.","62"
"67033","Yun","Marketing","59"
"67051","Labroc","Statistics","70"
"6710","Matli","Elec. Eng.","102"
"6712","Westphal","Math","60"
"67146","Scherze","Marketing","121"
"67222","Andrews","English","91"
"6729","Heilprin","Marketing","39"
"67293","Ueno","History","19"
"67310","Lindner","Elec. Eng.","21"
"67340","Dubu","Cybernetics","38"
"67371","Garcia-Ferr","Geology","70"
"67407","Yoneda","Biology","115"
"67425","Cooper","Athletics","51"
"67436","LaCo","Physics","56"
"67514","Psil","Comp. Sci.","25"
"67542","Jones","Civil Eng.","15"
"67560","Sandberg","Geology","63"
"67583","Senn","Comp. Sci.","93"
"67655","Kuch","Math","46"
"67657","Beeu","Languages","106"
"67660","Newitt","Biology","64"
"67725","Yamamoto","Pol. Sci.","35"
"67793","Pigd","Mech. Eng.","45"
"67810","Forestiero","English","114"
"68010","Blecken","Pol. Sci.","43"
"68070","Cameron","Pol. Sci.","85"
"68096","Teo","Elec. Eng.","68"
"68150","Kim","Math","3"
"68242","Hugo","English","109"
"68248","Tillmann","Athletics","83"
"68263","Roessler","Languages","69"
"68278","Becker","Psychology","83"
"68280","Shuming","Languages","123"
"68330","Soisalon-Soininen","Pol. Sci.","13"
"68395","Jessup","History","110"
"68396","Klimasauskas","Biology","72"
"68453","Kjellmer","Elec. Eng.","102"
"68516","Kouan","Mech. Eng.","8"
"68554","Larsson","English","60"
"68649","Klug","Pol. Sci.","49"
"68712","Hill","Civil Eng.","30"
"68720","Gordon","Civil Eng.","94"
"68779","Harmon","Athletics","47"
"6895","Portillo","Geology","4"
"68999","Greve","Psychology","113"
"69081","Stratulat","Geology","59"
"69122","Epstein","Biology","128"
"69132","Sciore","Statistics","25"
"69222","Albuquerque","Math","18"
"69225","Mejia","History","22"
"69230","Masum","Athletics","119"
"69241","Kannan","Athletics","99"
"69285","Zaharak","Athletics","36"
"69307","Gierl","Mech. Eng.","15"
"69471","Aly","Astronomy","41"
"69521","Greenbaum","Accounting","124"
"69581","Prabhakaran","Statistics","26"
"69628","Bouamama","Psychology","124"
"69632","Gibbs","Languages","40"
"69679","RamÃ­rez","Accounting","7"
"69730","Peip","English","12"
"69732","Barbosa","English","76"
"69747","Beichn","Finance","34"
"69752","Tan","English","24"
"69758","Baroni","Pol. Sci.","57"
"69783","Putru","Pol. Sci.","117"
"69850","Alexandri","Finance","80"
"69853","Boken","Statistics","55"
"6990","Hoshi","Biology","25"
"69952","MuÃ±oz","Psychology","115"
"69960","RaÃ¯ev","Biology","17"
"70021","Aydin","Cybernetics","16"
"70061","Konno","Comp. Sci.","50"
"70098","Prabhakaran","Biology","61"
"70099","Zhiyong","Languages","86"
"7020","Thoreson","Comp. Sci.","61"
"70235","Zle","Elec. Eng.","105"
"70299","Hirvas","Athletics","65"
"70310","Ding","Biology","107"
"7035","Liots","English","23"
"70359","Lorinczi","Cybernetics","63"
"70362","Sicard","English","85"
"70384","Shevade","Cybernetics","45"
"70389","Paulk","History","93"
"70395","Ballew","Physics","128"
"7043","Gryts","History","52"
"70452","Al-Hu","Astronomy","18"
"70522","Holn","Comp. Sci.","29"
"70564","Bouguet","Psychology","13"
"70572","Andrews","Psychology","7"
"70688","Ishihara","Elec. Eng.","86"
"70807","Kreitman","Math","91"
"70828","Kaska","Physics","88"
"70918","Holland","English","23"
"70924","Rajnov","Civil Eng.","0"
"70965","Dooley","Languages","66"
"71025","Cadis","History","129"
"71085","Giannoulis","Elec. Eng.","10"
"7123","Holn","Math","27"
"71287","Damas","Marketing","59"
"71387","Tleu","Civil Eng.","69"
"71389","Vegt","Mech. Eng.","60"
"71426","Flecker","Languages","38"
"7149","Xin","Pol. Sci.","120"
"71529","Fredrickso","Elec. Eng.","12"
"71543","Mizuno","Civil Eng.","61"
"71628","Amann","Psychology","60"
"71630","Heath","Psychology","116"
"71631","Scheine","Astronomy","87"
"71768","Stephenn","Geology","89"
"71878","Hayat","Finance","27"
"71904","Boldin","Mech. Eng.","89"
"71944","Schinag","Mech. Eng.","58"
"72006","Jawad","Comp. Sci.","114"
"72014","Kee","Languages","57"
"7204","Halbert","Biology","83"
"72055","Schinag","Languages","7"
"72165","Otsuki","Psychology","61"
"72177","Eller","Mech. Eng.","30"
"72186","Pace","Marketing","106"
"72358","Tomason","Math","92"
"72485","Wetzel","Finance","33"
"72501","Mulet","Elec. Eng.","93"
"72521","Caleff","Mech. Eng.","48"
"72528","Tuki","Cybernetics","76"
"72622","Kashima","Cybernetics","54"
"72643","Castle","Athletics","49"
"72657","Hird","Comp. Sci.","129"
"72669","Schmitz","Elec. Eng.","126"
"72741","Weiss","Astronomy","22"
"72768","Queiroz","Mech. Eng.","50"
"7287","Tadjo","Cybernetics","116"
"72959","Audeh","Elec. Eng.","43"
"72979","Guix","Astronomy","117"
"73072","Akroy","Comp. Sci.","48"
"73165","Fox","Statistics","19"
"73186","Schweitzer","Psychology","3"
"73206","Maw","Cybernetics","36"
"73213","Fall","Psychology","64"
"73268","Yagit","Civil Eng.","67"
"73328","Stokic","History","36"
"73387","Baccou","Cybernetics","70"
"73394","Blasbe","Geology","96"
"73411","Schulz","Math","78"
"73492","Hwang","Mech. Eng.","23"
"73542","Dooley","Geology","8"
"73602","Richardson","History","119"
"73606","Sachse","Cybernetics","93"
"73807","Gubar","Statistics","95"
"7390","Stone","Accounting","30"
"73908","Cruz","Biology","60"
"74016","Moei","Elec. Eng.","15"
"74070","Sandberg","Mech. Eng.","119"
"74163","Chettao","Marketing","115"
"74460","McWilliams","Statistics","120"
"74464","Sulimova","Athletics","76"
"74473","Ledermann","Statistics","22"
"74509","Tanzi","Civil Eng.","76"
"74530","Ranno","Physics","103"
"74639","Cerime","Accounting","35"
"74672","Eggers","Athletics","24"
"74796","Vulp","History","108"
"74840","Schill","Biology","116"
"7490","Giuffrida","Math","39"
"74911","Wall","Languages","111"
"74974","Lao","Athletics","86"
"7498","Charng","Physics","82"
"75040","Kruglyak","Pol. Sci.","99"
"75046","Hamagi","Marketing","101"
"75082","Havill","Comp. Sci.","119"
"75116","Samar","Mech. Eng.","127"
"75123","Chowdhury","Physics","92"
"7514","Rical","History","11"
"75173","Basturk","Elec. Eng.","54"
"75231","Ravindranath","Statistics","127"
"75241","Hughes","Languages","79"
"75252","Huo","Languages","0"
"75273","Jia","Civil Eng.","38"
"75299","Miao","Marketing","82"
"75362","Christodoulakis","Pol. Sci.","13"
"75395","Moscarini","Psychology","19"
"75423","Oller","Elec. Eng.","79"
"75510","Dumont","Physics","114"
"75513","Griffin","Statistics","12"
"75522","Yin","Biology","109"
"75534","Simmel","English","93"
"75547","Varadaran","Pol. Sci.","96"
"75560","Tabor","History","129"
"75596","Sayre","Biology","19"
"75772","Morton","Comp. Sci.","48"
"75791","Keuk","Finance","11"
"75794","Hons","History","9"
"75878","Hahn-","Physics","53"
"75928","Yoshimoto","Cybernetics","52"
"75938","Kotsonis","Marketing","71"
"760","Liedm","Geology","100"
"7602","Ingram","Geology","71"
"76049","Tavan","Cybernetics","112"
"76057","Sakanushi","Comp. Sci.","2"
"76169","Williamson","Astronomy","123"
"76173","Jovicic","Elec. Eng.","127"
"7620","Potry","Mech. Eng.","107"
"76224","Neilson","Elec. Eng.","34"
"76246","Pettersen","Comp. Sci.","81"
"76250","Maw","History","57"
"76270","Qian","History","128"
"76291","Dellwo","Physics","30"
"7656","Maher","Pol. Sci.","24"
"76604","Ã‡ivi","History","99"
"76672","Miliko","Statistics","116"
"76743","Rani","Comp. Sci.","16"
"76759","Masum","Mech. Eng.","83"
"76768","Oblak","Pol. Sci.","56"
"76798","Clifford","Languages","43"
"76799","Monger","Statistics","63"
"76895","Olro","Accounting","63"
"76911","Alart","Finance","66"
"76953","Lemoine","Athletics","60"
"77000","Cherchi","Physics","125"
"77003","Munro","Astronomy","42"
"77021","Bollen","Psychology","120"
"77130","Tyler","Math","1"
"77148","Hinik","Pol. Sci.","35"
"77172","Klepper","Statistics","64"
"77218","Lohman","Finance","51"
"77231","Roschew","History","38"
"77234","Hayrapetyan","Geology","93"
"77244","Benitez","Geology","37"
"77289","Kok","Geology","57"
"7732","Osc","Comp. Sci.","98"
"77361","Neuhold","Physics","14"
"77364","Lacruz","Elec. Eng.","59"
"77415","Morales","Astronomy","102"
"77548","Krohn","History","45"
"77580","Frazin","Civil Eng.","46"
"77588","Aguilar","Psychology","111"
"77664","Apostolov","Marketing","125"
"77729","Lui","Psychology","26"
"77898","Yap","Marketing","10"
"78116","Xiao","Civil Eng.","65"
"78143","Erdem","Astronomy","12"
"78314","Visr","English","14"
"78332","Ohki","Pol. Sci.","76"
"78434","Ruhe","Psychology","26"
"78454","Michael","Pol. Sci.","68"
"78469","Xiong","Accounting","14"
"78481","Clemme","History","23"
"7854","Someren","Pol. Sci.","113"
"78552","Douss","History","90"
"78572","Kurt","Comp. Sci.","20"
"78581","Hegde","Finance","41"
"7861","Bollen","Pol. Sci.","122"
"78637","Beeu","Physics","42"
"78756","Dai","Athletics","93"
"78758","Chakraborty","Geology","7"
"78767","Marlet","Geology","6"
"78782","Sherman","Math","104"
"78787","Rissanen","History","57"
"78792","Ram","Mech. Eng.","102"
"78858","Abdul-Rahman","Psychology","49"
"78892","Kei","English","43"
"78911","Shavel","Math","86"
"78922","Koltso","Astronomy","20"
"79170","Lingamp","Cybernetics","28"
"792","Hashimoto","Athletics","102"
"79205","Zander","Geology","115"
"79210","Sanchez","Astronomy","14"
"79329","Velikovs","Marketing","110"
"79352","Rumat","Finance","100"
"79446","Frost","Pol. Sci.","24"
"79469","Jacobs","Math","38"
"79487","Androutsopoulos","Languages","2"
"79502","Marongiu","Math","84"
"79534","Martel-","Statistics","11"
"7956","Brandsd","Statistics","110"
"79589","Schopp","Elec. Eng.","104"
"79697","Marquis","Accounting","75"
"7970","Bartels","Marketing","56"
"7973","Breed","English","64"
"79763","Ikeda","Comp. Sci.","123"
"79772","Witty","Marketing","4"
"79892","Chiari","Cybernetics","76"
"79911","Corr","Physics","117"
"80047","Clemme","Astronomy","24"
"80057","Szczerban","Biology","101"
"80113","Boudjelo","Geology","10"
"8022","Heng","Languages","74"
"80227","Tsuji","Civil Eng.","47"
"80247","Rueda","Mech. Eng.","17"
"80248","Satoh","English","74"
"80254","Mittelm","Languages","122"
"80285","Karv","Cybernetics","93"
"80420","Bansal","Statistics","69"
"80610","Nakamura","Physics","79"
"80651","Holz","English","108"
"80698","Eynd","Languages","29"
"80742","Lucas","Geology","87"
"80799","Almeida","Finance","106"
"80821","Morris","Math","102"
"80912","Homyk","Biology","16"
"80941","Sankappanavar","Math","70"
"80976","Mozayani","Elec. Eng.","34"
"80990","Strzem","Biology","117"
"81028","Perna","Pol. Sci.","105"
"81031","Nanda","Psychology","56"
"81150","Atkins","Cybernetics","99"
"81175","Zelek","Biology","0"
"81207","Masri","Athletics","123"
"81245","Mandviwall","Languages","35"
"81258","Nirenbu","History","102"
"81294","Massey","Mech. Eng.","111"
"81396","Cordt","Finance","7"
"8140","Paddock","Comp. Sci.","53"
"81538","Wunderli","Languages","117"
"81550","Harada","Elec. Eng.","98"
"81566","Farr","Geology","68"
"81610","Ching","Languages","0"
"81638","Chiu","Statistics","30"
"81785","Crues","Civil Eng.","102"
"81789","Urwin","Biology","25"
"81876","Arora","Biology","106"
"81883","Perei","Marketing","124"
"81884","Kereth","Accounting","96"
"81896","Feldman","Finance","46"
"8192","Verma","Civil Eng.","123"
"81984","Gowi","Mech. Eng.","48"
"82039","Hendrickson","Astronomy","37"
"82063","Zeng","Athletics","68"
"82066","Varghese","Comp. Sci.","11"
"82082","Towsey","Statistics","12"
"82083","Peeri","English","58"
"82126","Koizumi","Math","103"
"82301","Conti","Marketing","129"
"82402","Grant","Comp. Sci.","5"
"8251","Kite","History","47"
"8252","Breuer","Civil Eng.","13"
"82580","Wyes","Mech. Eng.","103"
"82591","Pomy","Mech. Eng.","92"
"82646","Nirenbu","Biology","0"
"82687","Cameron","Athletics","77"
"82688","Rote","Cybernetics","33"
"82697","Ye","Civil Eng.","71"
"827","Das","Languages","98"
"82707","Hadzilacos","Statistics","0"
"82868","So","Athletics","105"
"82918","Yemini","Statistics","43"
"82970","Peip","Mech. Eng.","48"
"82974","Duncan","Cybernetics","111"
"83002","Ladu","History","99"
"83003","Nam","Psychology","30"
"83022","Chyr","Math","10"
"83039","Harmon","Psychology","124"
"83136","Caporali","Comp. Sci.","61"
"83170","Ariav","English","43"
"83204","Tauber","Accounting","0"
"83214","Dasd","Biology","35"
"83314","Chow","Accounting","40"
"83398","Quinta","History","58"
"8343","Shoji","History","108"
"83444","Vieira","Mech. Eng.","115"
"83462","Mehra","Accounting","55"
"8347","Wunderli","Comp. Sci.","100"
"83480","Whitten","Psychology","9"
"83511","Godfrey","Finance","87"
"83557","Khalil","Psychology","95"
"83573","Pavlovico","English","81"
"83592","Benkov","Accounting","33"
"83622","Achilles","Elec. Eng.","57"
"83686","Krasser","Statistics","95"
"83691","Katehakis","Mech. Eng.","33"
"83696","Denso","Cybernetics","94"
"83728","Kaminsky","Biology","38"
"83747","Gregory","Mech. Eng.","51"
"8378","Stenv","English","47"
"83836","Gifford","Pol. Sci.","64"
"83838","Durrant","Civil Eng.","2"
"83871","Stylian","Languages","92"
"83953","Jordan","Math","26"
"84039","Sveti","Astronomy","79"
"84167","Sakanushi","Comp. Sci.","20"
"84189","Kuwadak","Statistics","119"
"842","Jode","Languages","81"
"84239","Jordan","Languages","20"
"8426","Harass","Pol. Sci.","67"
"84410","Bae","Psychology","71"
"84432","Schrefl","Athletics","111"
"84495","Kurata","Psychology","84"
"84515","Levie","Biology","126"
"8457","Christiansen","Mech. Eng.","26"
"84654","BraÃ±a","Statistics","59"
"847","Yamaguchi","Elec. Eng.","105"
"84702","Lucas","Math","105"
"84704","Rammer","Physics","55"
"84727","Hennig","Languages","108"
"84792","Angelo","Civil Eng.","81"
"84808","Randers","Psychology","104"
"8483","Luk","Elec. Eng.","53"
"84845","Zuo","Comp. Sci.","81"
"84865","Fernandez-Gonzalez","Finance","20"
"85063","Chaney","Mech. Eng.","4"
"8517","Tomkins","Pol. Sci.","100"
"85211","Sumi","Athletics","109"
"85226","Vicentino","Psychology","18"
"85234","Dubu","Finance","69"
"85308","Yihn","Accounting","20"
"85356","Kocsis","Marketing","68"
"85366","Erol","Finance","112"
"85445","Bocchi","English","18"
"85451","Chapman","Languages","70"
"85505","Wells","History","123"
"85534","Setiawan","Psychology","19"
"85575","Lal","Astronomy","15"
"85602","Bogdanova","Pol. Sci.","81"
"85614","Champes","English","87"
"85680","Krohn","Mech. Eng.","93"
"85746","Wilks","Pol. Sci.","5"
"85754","Betho","Finance","45"
"858","Kashima","Psychology","1"
"85809","Andert","Geology","99"
"85849","Aufr","Accounting","56"
"85887","Stoltzfus","Mech. Eng.","15"
"85904","Harass","Cybernetics","120"
"85910","Levitan","Finance","73"
"85981","Kahs","Statistics","91"
"86001","Meise","English","27"
"8603","Piedrah","Pol. Sci.","64"
"86075","Juchn","Biology","101"
"86127","Spikov","Math","27"
"86327","Moscarini","Marketing","31"
"86344","Kaar","Accounting","49"
"86375","Loher","English","110"
"86404","Cordt","Marketing","1"
"86529","Leister","Accounting","22"
"86552","Martin","Pol. Sci.","78"
"86573","Schauser","Physics","107"
"86641","Dair","Civil Eng.","101"
"86651","Dave","Mech. Eng.","94"
"86661","Shani","Elec. Eng.","21"
"86674","Peter","Biology","105"
"86707","Houtsm","Marketing","53"
"86736","Franchet","Finance","94"
"86753","Leister","History","81"
"86802","Hameed","Mech. Eng.","47"
"86806","Unger","Marketing","101"
"86833","Viani","Psychology","86"
"86934","Berthold","Athletics","35"
"86969","Wicki","Cybernetics","125"
"86981","Hansch","Cybernetics","3"
"87015","Pottos","Accounting","90"
"87044","McDonald","Accounting","87"
"87048","Gani","Mech. Eng.","10"
"87054","Dietzsch","Statistics","91"
"87193","Pinkus","English","25"
"87222","Allard","Mech. Eng.","114"
"87246","Dellwo","Comp. Sci.","15"
"87268","Koenig","Languages","82"
"87280","Kim","Pol. Sci.","67"
"87439","Scheffer","Comp. Sci.","93"
"87624","Carrera","Civil Eng.","81"
"87651","Liang","Math","67"
"87706","Nakao","Physics","80"
"87784","McCracken","Astronomy","64"
"87785","Liepelt","Pol. Sci.","122"
"87831","Turunen","Psychology","128"
"87965","Reiss","Accounting","17"
"88045","Jackson","Languages","126"
"8807","Zacharias","Finance","33"
"88085","Bouamama","Comp. Sci.","8"
"88140","Stanko","Pol. Sci.","122"
"88169","Schroeder","Cybernetics","106"
"8819","Lesaffre","Elec. Eng.","1"
"88287","Geser","Athletics","61"
"88302","Yarmush","Marketing","64"
"88308","Reiss","English","19"
"88358","Bongio","Astronomy","29"
"88389","Henriksen","Marketing","5"
"88417","Mitsuhashi","Athletics","1"
"88418","Slaw","Elec. Eng.","112"
"8843","Papakir","Biology","95"
"88472","Lynch","Marketing","12"
"88525","Hung","Mech. Eng.","92"
"8853","Warner","Mech. Eng.","69"
"88553","Levine","Pol. Sci.","51"
"88577","Smoro","Astronomy","91"
"8860","Aminian","Finance","13"
"88793","Sakhno","Mech. Eng.","77"
"888","Frost","Geology","77"
"88801","Fonseca","Athletics","102"
"88884","Stasko","Elec. Eng.","14"
"88887","Wodn","Languages","122"
"88993","Palaniswami","Math","51"
"89000","Guthk","Finance","80"
"89051","Dubink","History","65"
"89059","Juan","Civil Eng.","62"
"89104","Mitsuhashi","Biology","54"
"89106","Dawson","Mech. Eng.","88"
"8912","Brenner","Languages","14"
"89132","Janssen","Geology","104"
"89140","Fabregas","Biology","94"
"89188","Anse","Statistics","77"
"89196","KlÃ¶pper","Pol. Sci.","37"
"89234","Hird","Civil Eng.","78"
"89246","Loyka","History","46"
"89297","Cacciari","Astronomy","70"
"89312","Marques","Statistics","101"
"89393","Fischbach","English","21"
"89414","Feldman","Marketing","34"
"89551","Shapiro","History","127"
"8957","Walker","Athletics","50"
"89571","Zubai","Comp. Sci.","88"
"89734","Doeschn","Astronomy","66"
"89759","Zettel","Mech. Eng.","55"
"898","Heilprin","Accounting","88"
"8986","Maesf","Pol. Sci.","115"
"90004","Unay","Astronomy","81"
"90009","Donofrio","Pol. Sci.","13"
"90041","Barberis","Mech. Eng.","122"
"90082","Esparza","Astronomy","62"
"90089","Mohan","Astronomy","28"
"90124","Koppit","Physics","104"
"90132","Jo","Psychology","11"
"90181","Giannoulis","Biology","23"
"90194","Busch","Biology","93"
"90220","Iacovoni","Elec. Eng.","113"
"90234","Sram","Biology","31"
"90353","Bruderm","Astronomy","46"
"90372","Rho","Biology","101"
"90381","Chaudhuri","Math","108"
"90448","Godfrey","English","120"
"90567","Tomason","Pol. Sci.","118"
"90609","Mohamed","Finance","95"
"90663","Sram","Comp. Sci.","119"
"90779","Lenhart","Math","24"
"90814","Finance","Elec. Eng.","105"
"9084","Rabu","Finance","87"
"90914","Grange","Pol. Sci.","38"
"91063","Dair","Civil Eng.","105"
"91091","Ockerb","English","105"
"91132","Sud","History","57"
"9114","Swien","Marketing","119"
"91197","Manzoor","Geology","110"
"91343","Clarkson","Statistics","42"
"91370","Frangeu","Mech. Eng.","9"
"914","Schill","Comp. Sci.","32"
"91442","Ohno","Pol. Sci.","91"
"91569","Pavlovico","Marketing","90"
"91580","Cabr","Mech. Eng.","96"
"91616","Hoffman","Astronomy","100"
"91788","Streitf","Cybernetics","56"
"91799","Steinmetz","Civil Eng.","96"
"9183","Sutter","Athletics","44"
"91851","Tchuri","History","101"
"91915","Cacciari","Geology","126"
"91978","Pourkas","Cybernetics","128"
"91992","DAtri","Cybernetics","85"
"92040","Alexandri","Athletics","66"
"92274","Caporali","Pol. Sci.","12"
"92332","Nicol","Languages","34"
"92385","Godfrey","English","34"
"92417","Dubink","Comp. Sci.","92"
"92442","Satoh","Statistics","81"
"92464","Enokib","History","47"
"9256","Tran-","Pol. Sci.","107"
"92659","Mathias","Biology","98"
"92693","Mattor","Athletics","73"
"92703","Makinen","Cybernetics","29"
"92776","Oki","Psychology","0"
"92839","Cirsto","Math","115"
"92849","Flossmann","Astronomy","54"
"92864","Rogers","Accounting","54"
"92867","Khene","Languages","69"
"92949","Retzel","Pol. Sci.","125"
"92965","Mesne","Biology","26"
"93004","Gibbs","Finance","129"
"93039","Hau","English","21"
"93043","McQuillan","Marketing","42"
"93061","Alfaro","Elec. Eng.","69"
"931","Tsalidi","English","122"
"93125","Harders","Physics","47"
"93171","Carey","Marketing","56"
"93354","Varghese","English","88"
"93366","Gault","Cybernetics","29"
"93491","Rees-","History","74"
"93508","Graham","Physics","14"
"93571","Kato","Psychology","0"
"9360","Mukai","Marketing","36"
"93631","Sendlm","History","71"
"93653","Mellor","Astronomy","127"
"93708","Steines","Psychology","99"
"93814","Smoro","Marketing","19"
"93986","Zahrani","Physics","73"
"9408","Oberholzer","Athletics","84"
"94142","Simon","Languages","45"
"94173","Winkler","Biology","16"
"94178","Bengtss","Psychology","47"
"94257","Unger","Languages","12"
"94311","Napoletani","English","40"
"94324","Willson","Geology","120"
"94371","Milner","Athletics","120"
"9440","Gierl","Psychology","9"
"94522","Pampal","Civil Eng.","41"
"94535","Nishida","History","127"
"94569","Yip","English","122"
"9460","Wrzesz","Accounting","99"
"94620","Sarnak","Accounting","100"
"94697","Pettersen","Geology","105"
"94726","Ailamaki","Accounting","47"
"94730","Neff","Geology","101"
"94766","Buril","History","81"
"94801","Chakraborty","Civil Eng.","26"
"94814","Kee","Mech. Eng.","73"
"94815","Xiang","Finance","6"
"94836","Fuller","English","13"
"94846","Hossain","Cybernetics","103"
"94894","Kozlov","Accounting","27"
"9495","Crimm","Comp. Sci.","68"
"94990","Lykin","English","120"
"94998","Krishnakumar","Physics","81"
"95027","Bauer","Accounting","45"
"95029","Oliveira","Astronomy","17"
"95046","Mercank","Astronomy","100"
"95089","Zarpell","Mech. Eng.","111"
"95099","Chien","Accounting","81"
"9514","Dickson","Geology","112"
"95175","Guiho","Elec. Eng.","42"
"95201","Yang","Psychology","28"
"95205","Hammond","Athletics","115"
"95225","Moire","Languages","99"
"95260","Yannakakis","Statistics","109"
"95284","Hands","Physics","25"
"95320","Morgan","Mech. Eng.","127"
"95366","Isogai","Cybernetics","33"
"95574","Pampal","Comp. Sci.","111"
"95626","Tellez","Math","32"
"95631","Mauras","Elec. Eng.","42"
"95697","Gruns","Cybernetics","77"
"95840","Jakobsen","History","127"
"95850","Schrefl","Comp. Sci.","13"
"95852","Cabr","Athletics","48"
"95859","Huft","Physics","33"
"95953","Batano","Comp. Sci.","77"
"96003","Nakajima","Astronomy","95"
"9605","Beeu","Pol. Sci.","61"
"96052","Marcol","Cybernetics","15"
"96067","Sugavanam","Civil Eng.","113"
"96085","Wood","Accounting","70"
"96117","Nisso","English","128"
"96134","Prince","Languages","121"
"96153","Sawah","Pol. Sci.","67"
"96178","Hay","Civil Eng.","84"
"96193","Yasuda","English","19"
"96203","Olin","Comp. Sci.","87"
"96206","Koic","Math","53"
"96227","Vulp","Civil Eng.","88"
"96246","Tong","Languages","86"
"96324","Sudirm","Accounting","84"
"9659","Sakhno","Cybernetics","67"
"96615","Anty","English","9"
"96710","Katehakis","Languages","51"
"96722","Liley","English","34"
"96741","Kobayashi","Comp. Sci.","87"
"96772","Rieger","Cybernetics","126"
"96895","Stelzl","Statistics","94"
"96911","Jamro","English","13"
"96968","Mohamed","Mech. Eng.","118"
"96988","Bussel","History","124"
"97023","Bulash","Psychology","48"
"97041","Rajnov","Psychology","22"
"97042","Bhargava","Pol. Sci.","68"
"97065","Gandhi","Languages","22"
"97101","Marek","Psychology","53"
"97228","Brzezinski","Mech. Eng.","25"
"97355","Ratcliff","Languages","60"
"97400","Noda","Accounting","62"
"97435","Winzer","Finance","77"
"97551","Labaye","Civil Eng.","128"
"97573","Yusop","Physics","60"
"97590","Rammer","Comp. Sci.","17"
"97629","Awano","Biology","101"
"97658","Baier","Finance","82"
"97679","Sacchi","Psychology","102"
"97694","ODono","Biology","15"
"978","Salzman","Comp. Sci.","127"
"97868","Schinag","Athletics","104"
"97953","Kaneko","Math","110"
"98019","Ciepl","Marketing","74"
"98047","Takahashi","History","49"
"98056","Di","Civil Eng.","81"
"98120","Furukawa","Physics","33"
"98140","Ratcliff","Statistics","5"
"98315","Saill","Pol. Sci.","65"
"98359","Patne","Accounting","105"
"98388","Nilsson","Math","33"
"98423","Alfaro","Physics","101"
"98563","Yen","Languages","74"
"98619","Nagaraj","Civil Eng.","61"
"98690","Neru","Accounting","41"
"987","Kasani","Athletics","0"
"98726","Mathias","Comp. Sci.","36"
"98830","Frolova","Comp. Sci.","13"
"98843","Julier","Cybernetics","85"
"98870","Kun","Cybernetics","43"
"98940","Hawthorne","Marketing","78"
"98984","Seraphin","Mech. Eng.","43"
"99073","Bartels","Comp. Sci.","6"
"99189","Shelest","Pol. Sci.","35"
"99226","Hao","Civil Eng.","50"
"99250","Khaw","English","14"
"99268","Makarychev","Elec. Eng.","115"
"99271","Soricu","Math","70"
"99289","Morales","Finance","80"
"993","McGarr","Comp. Sci.","55"
"9933","Pircher","Geology","90"
"99348","Tobin","Finance","85"
"99369","Klingenb","Comp. Sci.","57"
"99399","Duan","Astronomy","96"
"99422","Fickl","Civil Eng.","83"
"99451","Bradshaw","Statistics","79"
"99463","Jacobi","Statistics","19"
"9947","Bouzeghoub","Biology","38"
"9953","Wilks","Biology","45"
"99553","Strader","Languages","6"
"99611","Schrefl","Pol. Sci.","22"
"99647","Bellman","English","106"
"99660","OMalley","Civil Eng.","128"
"99694","Beckert","Statistics","119"
"99710","Savolainen","Languages","126"
"99711","Deshpande","Pol. Sci.","24"
"99719","Bennett","Accounting","70"
"99730","Courtney","English","99"
"99754","Califieri","Cybernetics","55"
"99760","Sakamoto","Athletics","75"
"99764","Lv","Marketing","104"
"99775","Epley","Athletics","116"
"99780","Bravo","English","100"
"9993","Won","Math","40"
"99949","Samo","Astronomy","125"
"99977","Englund","Psychology","93"
